<tweets>
	<tweet>      <id_original>698611013013401600</id_original>
		<tipo>irrelevante</tipo>
      <importancia_tweet>0</importancia_tweet>
      <text>Psicología  #VotaJulianSerrano #KCA  https://t.co/fQw0fD6STZ</text>
      <usuarios>
      	<usuario>      <id_usuario>4894162421</id_usuario>      <influencia_usuario>0.25132042253521125</influencia_usuario>      <userScreenName>Votaciones_JS</userScreenName>      <userImage>http://pbs.twimg.com/profile_images/698397683921379328/gsQ3XBlr_normal.jpg</userImage>      	</usuario>
      </usuarios>
      <keywords>
         <keyword>             <word>Psicologia</word>             <importancia>