<tweets>
	<tweet>      <id_original>698808155493507072</id_original>
		<tipo>irrelevante</tipo>
      <importancia_tweet>0.13619377162629753</importancia_tweet>
      <text>La vuelta al mundo... por 1402€. https://t.co/yk87End7ce</text>
      <usuarios>
      	<usuario>      <id_usuario>2411466618</id_usuario>      <influencia_usuario>0.4108699782764977</influencia_usuario>      <userScreenName>madariaga_goiri</userScreenName>      <userImage>http://pbs.twimg.com/profile_images/505040073193050113/9VOYyTl-_normal.png</userImage>      	</usuario>
      </usuarios>
      <keywords>
         <keyword>             <word>mundo</word>             <importancia>0.07058823529411765</importancia></keyword>
         <keyword>             <word>vuelta</word>             <importancia>0.07058823529411765</importancia></keyword>
      </keywords>
      <hashtags>
      </hashtags>
  </tweet>
	<tweet>      <id_original>698777104767393792</id_original>
		<tipo>general</tipo>
      <importancia_tweet>1.0</importancia_tweet>
      <text>Total de -5 (70-69-72) y 8ª posición final para Noemí Jiménez [@NJimenezPodium] en el ISPS Handa New Zealand Womens Open #golf #LET</text>
      <usuarios>
      	<usuario>      <id_usuario>2493310171</id_usuario>      <influencia_usuario>1.5427042542520466</influencia_usuario>      <userScreenName>RFGA_Pros</userScreenName>      <userImage>http://pbs.twimg.com/profile_images/581330244914774017/D3X-QzTK_normal.jpg</userImage>      	</usuario>
      </usuarios>
      <keywords>
         <keyword>             <word>Open</word>             <importancia>0.01282051282051282</importancia></keyword>
         <keyword>             <word>Womens</word>             <importancia>0.01282051282051282</importancia></keyword>
         <keyword>             <word>Zealand</word>             <importancia>1</importancia></keyword>
         <keyword>             <word>New</word>             <importancia>1</importancia></keyword>
         <keyword>             <word>Handa</word>             <importancia>0.02564102564102564</importancia></keyword>
         <keyword>             <word>ISPS</word>             <importancia>0.02564102564102564</importancia></keyword>
         <keyword>             <word>Jimenez</word>             <importancia>0.01282051282051282</importancia></keyword>
         <keyword>             <word>Noemi</word>             <importancia>0.01282051282051282</importancia></keyword>
         <keyword>             <word>final</word>             <importancia>0.01282051282051282</importancia></keyword>
         <keyword>             <word>posicion</word>             <importancia>0.02564102564102564</importancia></keyword>
         <keyword>             <word>70-69-72</word>             <importancia>0.01282051282051282</importancia></keyword>
         <keyword>             <word>Total</word>             <importancia>0.01282051282051282</importancia></keyword>
      </keywords>
      <hashtags>
         <hashtag>             <word>LET</word>             <importancia>0</importancia></hashtag>
         <hashtag>             <word>golf</word>             <importancia>0</importancia></hashtag>
      </hashtags>
  </tweet>
	<tweet>      <id_original>698761605656547328</id_original>
		<tipo>difusion</tipo>
      <importancia_tweet>0</importancia_tweet>
      <text>RT Charlesfrize: #NewZealand - Guide To #Rotorua #Travel #Tourism #vacation https://t.co/nqght7Xvg3 via Charlesfrize #thetraveller</text>
      <usuarios>
      	<usuario>      <id_usuario>304092143</id_usuario>      <influencia_usuario>0.6288944216330905</influencia_usuario>      <userScreenName>fitzphotograph</userScreenName>      <userImage>http://pbs.twimg.com/profile_images/683365670575312897/T7qpBH8T_normal.jpg</userImage>      	</usuario>
      	<usuario>      <id_usuario>3086364639</id_usuario>      <influencia_usuario>2.0195517252870543</influencia_usuario>      <userScreenName>MyTravelLuck</userScreenName>      <userImage>http://pbs.twimg.com/profile_images/575646006907289600/UmBmtPoN_normal.jpeg</userImage>      	</usuario>
      </usuarios>
      <keywords>
         <keyword>             <word>To</word>             <importancia>0</importancia></keyword>
         <keyword>             <word>Guide</word>             <importancia>0</importancia></keyword>
         <keyword>             <word>Charlesfrize</word>             <importancia>0</importancia></keyword>
      </keywords>
      <hashtags>
         <hashtag>             <word>thetraveller</word>             <importancia>0</importancia></hashtag>
         <hashtag>             <word>vacation</word>             <importancia>0</importancia></hashtag>
         <hashtag>             <word>Tourism</word>             <importancia>0</importancia></hashtag>
         <hashtag>             <word>Travel</word>             <importancia>0</importancia></hashtag>
         <hashtag>             <word>Rotorua</word>             <importancia>0</importancia></hashtag>
         <hashtag>             <word>NewZealand</word>             <importancia>0</importancia></hashtag>
      </hashtags>
  </tweet>
	<tweet>      <id_original>698758667647217664</id_original>
		<tipo>difusion</tipo>
      <importancia_tweet>0</importancia_tweet>
      <text>#NewZealand - Guide To #Rotorua #Travel #Tourism #Social https://t.co/ukwLJq1Mqr via @Charlesfrize</text>
      <usuarios>
      	<usuario>      <id_usuario>3917981907</id_usuario>      <influencia_usuario>1.3830519615791725</influencia_usuario>      <userScreenName>myfoodfantasy69</userScreenName>      <userImage>http://pbs.twimg.com/profile_images/652895878215131137/iV1MmzXi_normal.jpg</userImage>      	</usuario>
      	<usuario>      <id_usuario>121894769</id_usuario>      <influencia_usuario>1.2175374514492658</influencia_usuario>      <userScreenName>deathwizard57</userScreenName>      <userImage>http://pbs.twimg.com/profile_images/569537330021535744/HjjpwlXZ_normal.jpeg</userImage>      	</usuario>
      	<usuario>      <id_usuario>371902119</id_usuario>      <influencia_usuario>1.3326335161672254</influencia_usuario>      <userScreenName>Charlesfrize</userScreenName>      <userImage>http://pbs.twimg.com/profile_images/1538786651/charles_normal.jpg</userImage>      	</usuario>
      </usuarios>
      <keywords>
         <keyword>             <word>To</word>             <importancia>0</importancia></keyword>
         <keyword>             <word>Guide</word>             <importancia>0</importancia></keyword>
      </keywords>
      <hashtags>
         <hashtag>             <word>Social</word>             <importancia>0</importancia></hashtag>
         <hashtag>             <word>Tourism</word>             <importancia>0</importancia></hashtag>
         <hashtag>             <word>Travel</word>             <importancia>0</importancia></hashtag>
         <hashtag>             <word>Rotorua</word>             <importancia>0</importancia></hashtag>
         <hashtag>             <word>NewZealand</word>             <importancia>0</importancia></hashtag>
      </hashtags>
  </tweet>
	<tweet>      <id_original>698756314172911616</id_original>
		<tipo>difusion</tipo>
      <importancia_tweet>0</importancia_tweet>
      <text>#NewZealand - Guide To #Rotorua #Travel #Tourism #vacation https://t.co/ukwLJq1Mqr via @Charlesfrize</text>
      <usuarios>
      	<usuario>      <id_usuario>3917981907</id_usuario>      <influencia_usuario>1.3830519615791725</influencia_usuario>      <userScreenName>myfoodfantasy69</userScreenName>      <userImage>http://pbs.twimg.com/profile_images/652895878215131137/iV1MmzXi_normal.jpg</userImage>      	</usuario>
      	<usuario>      <id_usuario>371902119</id_usuario>      <influencia_usuario>1.3326335161672254</influencia_usuario>      <userScreenName>Charlesfrize</userScreenName>      <userImage>http://pbs.twimg.com/profile_images/1538786651/charles_normal.jpg</userImage>      	</usuario>
      </usuarios>
      <keywords>
         <keyword>             <word>To</word>             <importancia>0</importancia></keyword>
         <keyword>             <word>Guide</word>             <importancia>0</importancia></keyword>
      </keywords>
      <hashtags>
         <hashtag>             <word>vacation</word>             <importancia>0</importancia></hashtag>
         <hashtag>             <word>Tourism</word>             <importancia>0</importancia></hashtag>
         <hashtag>             <word>Travel</word>             <importancia>0</importancia></hashtag>
         <hashtag>             <word>Rotorua</word>             <importancia>0</importancia></hashtag>
         <hashtag>             <word>NewZealand</word>             <importancia>0</importancia></hashtag>
      </hashtags>
  </tweet>
	<tweet>      <id_original>698752016210796544</id_original>
		<tipo>difusion</tipo>
      <importancia_tweet>1.0</importancia_tweet>
      <text>Air New Zealand propone un billete único para dar la vuelta al mundo por menos de 1.500 euros https://t.co/iaYpxusyrA</text>
      <usuarios>
      	<usuario>      <id_usuario>471628526</id_usuario>      <influencia_usuario>1.6882438224812304</influencia_usuario>      <userScreenName>mentaaah</userScreenName>      <userImage>http://pbs.twimg.com/profile_images/518975402660753408/hgXTjQBP_normal.jpeg</userImage>      	</usuario>
      </usuarios>
      <keywords>
         <keyword>             <word>euros</word>             <importancia>0.06097560975609756</importancia></keyword>
         <keyword>             <word>mundo</word>             <importancia>0.07058823529411765</importancia></keyword>
         <keyword>             <word>vuelta</word>             <importancia>0.07058823529411765</importancia></keyword>
         <keyword>             <word>dar</word>             <importancia>0.04938271604938271</importancia></keyword>
         <keyword>             <word>unico</word>             <importancia>0.05063291139240506</importancia></keyword>
         <keyword>             <word>billete</word>             <importancia>0.05063291139240506</importancia></keyword>
         <keyword>             <word>propone</word>             <importancia>0.05128205128205128</importancia></keyword>
         <keyword>             <word>Zealand</word>             <importancia>1</importancia></keyword>
         <keyword>             <word>New</word>             <importancia>1</importancia></keyword>
         <keyword>             <word>Air</word>             <importancia>0.07692307692307693</importancia></keyword>
      </keywords>
      <hashtags>
      </hashtags>
  </tweet>
	<tweet>      <id_original>698749770773458944</id_original>
		<tipo>difusion</tipo>
      <importancia_tweet>0</importancia_tweet>
      <text>#NewZealand - Guide To #Rotorua #Travel #Tourism #Social !#brand https://t.co/6TgMQuecnZ @Charlesfrize @DynamicFrize @Frizemedia #tourism</text>
      <usuarios>
      	<usuario>      <id_usuario>3917981907</id_usuario>      <influencia_usuario>1.3830519615791725</influencia_usuario>      <userScreenName>myfoodfantasy69</userScreenName>      <userImage>http://pbs.twimg.com/profile_images/652895878215131137/iV1MmzXi_normal.jpg</userImage>      	</usuario>
      	<usuario>      <id_usuario>371902119</id_usuario>      <influencia_usuario>1.3326335161672254</influencia_usuario>      <userScreenName>Charlesfrize</userScreenName>      <userImage>http://pbs.twimg.com/profile_images/1538786651/charles_normal.jpg</userImage>      	</usuario>
      </usuarios>
      <keywords>
         <keyword>             <word>To</word>             <importancia>0</importancia></keyword>
         <keyword>             <word>Guide</word>             <importancia>0</importancia></keyword>
      </keywords>
      <hashtags>
         <hashtag>             <word>tourism</word>             <importancia>0</importancia></hashtag>
         <hashtag>             <word>brand</word>             <importancia>0</importancia></hashtag>
         <hashtag>             <word>Social</word>             <importancia>0</importancia></hashtag>
         <hashtag>             <word>Tourism</word>             <importancia>0</importancia></hashtag>
         <hashtag>             <word>Travel</word>             <importancia>0</importancia></hashtag>
         <hashtag>             <word>Rotorua</word>             <importancia>0</importancia></hashtag>
         <hashtag>             <word>NewZealand</word>             <importancia>0</importancia></hashtag>
      </hashtags>
  </tweet>
	<tweet>      <id_original>698734752807792640</id_original>
		<tipo>general</tipo>
      <importancia_tweet>1.0</importancia_tweet>
      <text>Terremoton de 5.9 a 17km de Christchurch, New Zealand, segun el centro de terremotos en China</text>
      <usuarios>
      	<usuario>      <id_usuario>192955835</id_usuario>      <influencia_usuario>1.3693613376058886</influencia_usuario>      <userScreenName>jperezprincipe</userScreenName>      <userImage>http://pbs.twimg.com/profile_images/551394363314429953/dkPT-T_k_normal.jpeg</userImage>      	</usuario>
      </usuarios>
      <keywords>
         <keyword>             <word>China</word>             <importancia>0.01282051282051282</importancia></keyword>
         <keyword>             <word>terremotos</word>             <importancia>0.01282051282051282</importancia></keyword>
         <keyword>             <word>centro</word>             <importancia>0.01282051282051282</importancia></keyword>
         <keyword>             <word>Zealand</word>             <importancia>1</importancia></keyword>
         <keyword>             <word>New</word>             <importancia>1</importancia></keyword>
         <keyword>             <word>Christchurch</word>             <importancia>0.07692307692307693</importancia></keyword>
         <keyword>             <word>17km</word>             <importancia>0.07692307692307693</importancia></keyword>
         <keyword>             <word>Terremoton</word>             <importancia>0.01282051282051282</importancia></keyword>
      </keywords>
      <hashtags>
      </hashtags>
  </tweet>
	<tweet>      <id_original>698728053858435072</id_original>
		<tipo>difusion</tipo>
      <importancia_tweet>1.0</importancia_tweet>
      <text>En New Zealand🇳🇿 no podía dejar de pasar a @adidasNZ y llevarme la camiseta del campeón #AllBlacks 🏉🏆💪 @adidasCL https://t.co/NTP1S27Zh0</text>
      <usuarios>
      	<usuario>      <id_usuario>478663739</id_usuario>      <influencia_usuario>0.22784057540186042</influencia_usuario>      <userScreenName>h_bilbao</userScreenName>      <userImage>http://pbs.twimg.com/profile_images/378800000521215580/e441aa78a4bf7c0dc0620d564a71dd50_normal.jpeg</userImage>      	</usuario>
      	<usuario>      <id_usuario>203732257</id_usuario>      <influencia_usuario>0.1661954671123538</influencia_usuario>      <userScreenName>KatiuskaChavez</userScreenName>      <userImage>http://pbs.twimg.com/profile_images/510924999092236288/ANEHsU9E_normal.jpeg</userImage>      	</usuario>
      	<usuario>      <id_usuario>3421123792</id_usuario>      <influencia_usuario>1.0265892680989628</influencia_usuario>      <userScreenName>Konnielinares</userScreenName>      <userImage>http://pbs.twimg.com/profile_images/698544849683881984/FX20TvY7_normal.jpg</userImage>      	</usuario>
      	<usuario>      <id_usuario>1024537303</id_usuario>      <influencia_usuario>0.4894135732438452</influencia_usuario>      <userScreenName>negrocortes_cco</userScreenName>      <userImage>http://pbs.twimg.com/profile_images/698718559602679809/3WWOU1A2_normal.jpg</userImage>      	</usuario>
      	<usuario>      <id_usuario>211279130</id_usuario>      <influencia_usuario>0.4810013646354019</influencia_usuario>      <userScreenName>flxlessharry</userScreenName>      <userImage>http://pbs.twimg.com/profile_images/690835628364275716/7BNBlBsu_normal.jpg</userImage>      	</usuario>
      	<usuario>      <id_usuario>143548575</id_usuario>      <influencia_usuario>1.532674607702832</influencia_usuario>      <userScreenName>_Mathiias</userScreenName>      <userImage>http://pbs.twimg.com/profile_images/678392322653069312/kr6sIyzF_normal.jpg</userImage>      	</usuario>
      	<usuario>      <id_usuario>57083275</id_usuario>      <influencia_usuario>29.69382616832057</influencia_usuario>      <userScreenName>Karol_LuceroV</userScreenName>      <userImage>http://pbs.twimg.com/profile_images/671893837741182976/a3hNS3Ss_normal.jpg</userImage>      	</usuario>
      </usuarios>
      <keywords>
         <keyword>             <word>campeon</word>             <importancia>0.08974358974358974</importancia></keyword>
         <keyword>             <word>camiseta</word>             <importancia>0.08974358974358974</importancia></keyword>
         <keyword>             <word>llevarme</word>             <importancia>0.08974358974358974</importancia></keyword>
         <keyword>             <word>pasar</word>             <importancia>0.08974358974358974</importancia></keyword>
         <keyword>             <word>podia</word>             <importancia>0.08974358974358974</importancia></keyword>
         <keyword>             <word>Zealand</word>             <importancia>1</importancia></keyword>
         <keyword>             <word>New</word>             <importancia>1</importancia></keyword>
      </keywords>
      <hashtags>
         <hashtag>             <word>AllBlacks</word>             <importancia>0</importancia></hashtag>
      </hashtags>
  </tweet>
	<tweet>      <id_original>698693922621677568</id_original>
		<tipo>difusion</tipo>
      <importancia_tweet>1.0</importancia_tweet>
      <text>#sismo M5.8,  17km ENE of Christchurch, New Zealand, Hace 2 horas. Reportado a través de https://t.co/09010nlaYe https://t.co/g035PnCBEA</text>
      <usuarios>
      	<usuario>      <id_usuario>704403435</id_usuario>      <influencia_usuario>1.258267972767641</influencia_usuario>      <userScreenName>OTapiavaras</userScreenName>      <userImage>http://pbs.twimg.com/profile_images/662004110279995393/Z8pXq1eo_normal.jpg</userImage>      	</usuario>
      </usuarios>
      <keywords>
         <keyword>             <word>traves</word>             <importancia>0.038461538461538464</importancia></keyword>
         <keyword>             <word>Reportado</word>             <importancia>0.038461538461538464</importancia></keyword>
         <keyword>             <word>horas</word>             <importancia>0.01282051282051282</importancia></keyword>
         <keyword>             <word>Zealand</word>             <importancia>1</importancia></keyword>
         <keyword>             <word>New</word>             <importancia>1</importancia></keyword>
         <keyword>             <word>Christchurch</word>             <importancia>0.07692307692307693</importancia></keyword>
         <keyword>             <word>of</word>             <importancia>0.07692307692307693</importancia></keyword>
         <keyword>             <word>ENE</word>             <importancia>0.0641025641025641</importancia></keyword>
         <keyword>             <word>17km</word>             <importancia>0.07692307692307693</importancia></keyword>
         <keyword>             <word>M5</word>             <importancia>0.038461538461538464</importancia></keyword>
      </keywords>
      <hashtags>
         <hashtag>             <word>sismo</word>             <importancia>0</importancia></hashtag>
      </hashtags>
  </tweet>
	<tweet>      <id_original>698689174275280896</id_original>
		<tipo>difusion</tipo>
      <importancia_tweet>1.0</importancia_tweet>
      <text>#Sismo #Earthquake M 5.8 - 17km ENE of Christchurch, New Zealand https://t.co/apd1SoGCOF Si te sirvió la info dale ❤</text>
      <usuarios>
      	<usuario>      <id_usuario>953859607</id_usuario>      <influencia_usuario>2.2228290013816707</influencia_usuario>      <userScreenName>LucianoOlivares</userScreenName>      <userImage>http://pbs.twimg.com/profile_images/2861074729/04bedafcef0e42d2209d3e2b412b6921_normal.jpeg</userImage>      	</usuario>
      </usuarios>
      <keywords>
         <keyword>             <word>dale</word>             <importancia>0.01282051282051282</importancia></keyword>
         <keyword>             <word>info</word>             <importancia>0.01282051282051282</importancia></keyword>
         <keyword>             <word>sirvio</word>             <importancia>0.01282051282051282</importancia></keyword>
         <keyword>             <word>Zealand</word>             <importancia>1</importancia></keyword>
         <keyword>             <word>New</word>             <importancia>1</importancia></keyword>
         <keyword>             <word>Christchurch</word>             <importancia>0.07692307692307693</importancia></keyword>
         <keyword>             <word>of</word>             <importancia>0.07692307692307693</importancia></keyword>
         <keyword>             <word>ENE</word>             <importancia>0.0641025641025641</importancia></keyword>
         <keyword>             <word>17km</word>             <importancia>0.07692307692307693</importancia></keyword>
      </keywords>
      <hashtags>
         <hashtag>             <word>Earthquake</word>             <importancia>0</importancia></hashtag>
         <hashtag>             <word>Sismo</word>             <importancia>0</importancia></hashtag>
      </hashtags>
  </tweet>
	<tweet>      <id_original>698684792712404992</id_original>
		<tipo>irrelevante</tipo>
      <importancia_tweet>0</importancia_tweet>
      <text>@jaco1853 para una respuesta tan segura   https://t.co/rKXSxEHwfk</text>
      <usuarios>
      	<usuario>      <id_usuario>2900408190</id_usuario>      <influencia_usuario>1.954717184660527</influencia_usuario>      <userScreenName>diegodelav1905</userScreenName>      <userImage>http://pbs.twimg.com/profile_images/533620014826266625/hOZWpgFQ_normal.jpeg</userImage>      	</usuario>
      </usuarios>
      <keywords>
         <keyword>             <word>segura</word>             <importancia>0</importancia></keyword>
         <keyword>             <word>respuesta</word>             <importancia>0</importancia></keyword>
      </keywords>
      <hashtags>
      </hashtags>
  </tweet>
	<tweet>      <id_original>698679242553425920</id_original>
		<tipo>difusion</tipo>
      <importancia_tweet>1.0</importancia_tweet>
      <text>#sismo M5.8,  17km ENE of Christchurch, New Zealand, Hace una hora. Reportado a través de https://t.co/Y3pQFOC18K</text>
      <usuarios>
      	<usuario>      <id_usuario>319804149</id_usuario>      <influencia_usuario>1.146188054566184</influencia_usuario>      <userScreenName>Alpha_Anny</userScreenName>      <userImage>http://pbs.twimg.com/profile_images/592102149263335424/OrhucF_9_normal.jpg</userImage>      	</usuario>
      </usuarios>
      <keywords>
         <keyword>             <word>traves</word>             <importancia>0.038461538461538464</importancia></keyword>
         <keyword>             <word>Reportado</word>             <importancia>0.038461538461538464</importancia></keyword>
         <keyword>             <word>hora</word>             <importancia>0.01282051282051282</importancia></keyword>
         <keyword>             <word>Zealand</word>             <importancia>1</importancia></keyword>
         <keyword>             <word>New</word>             <importancia>1</importancia></keyword>
         <keyword>             <word>Christchurch</word>             <importancia>0.07692307692307693</importancia></keyword>
         <keyword>             <word>of</word>             <importancia>0.07692307692307693</importancia></keyword>
         <keyword>             <word>ENE</word>             <importancia>0.0641025641025641</importancia></keyword>
         <keyword>             <word>17km</word>             <importancia>0.07692307692307693</importancia></keyword>
         <keyword>             <word>M5</word>             <importancia>0.038461538461538464</importancia></keyword>
      </keywords>
      <hashtags>
         <hashtag>             <word>sismo</word>             <importancia>0</importancia></hashtag>
      </hashtags>
  </tweet>
	<tweet>      <id_original>698677756989677568</id_original>
		<tipo>general</tipo>
      <importancia_tweet>1.0</importancia_tweet>
      <text>Por qué New Zealand no es TT?</text>
      <usuarios>
      	<usuario>      <id_usuario>93967974</id_usuario>      <influencia_usuario>1.1755379672958162</influencia_usuario>      <userScreenName>tellmecandy</userScreenName>      <userImage>http://pbs.twimg.com/profile_images/694735175385812993/sijo9DrQ_normal.jpg</userImage>      	</usuario>
      </usuarios>
      <keywords>
         <keyword>             <word>TT</word>             <importancia>0.01282051282051282</importancia></keyword>
         <keyword>             <word>Zealand</word>             <importancia>1</importancia></keyword>
         <keyword>             <word>New</word>             <importancia>1</importancia></keyword>
      </keywords>
      <hashtags>
      </hashtags>
  </tweet>
	<tweet>      <id_original>698670219829583872</id_original>
		<tipo>difusion</tipo>
      <importancia_tweet>1.0</importancia_tweet>
      <text>AMPLIADO SISMO: magnitud 5.8: 17km ENE de Christchurch, New Zealand. 14 de Febrero, 00:13UTC, profunfidad. https://t.co/u9LFuMXIO1</text>
      <usuarios>
      	<usuario>      <id_usuario>560758470</id_usuario>      <influencia_usuario>0.509630505130096</influencia_usuario>      <userScreenName>rodrigoahumada4</userScreenName>      <userImage>http://pbs.twimg.com/profile_images/645262977868922880/dxA-Fxkj_normal.jpg</userImage>      	</usuario>
      </usuarios>
      <keywords>
         <keyword>             <word>profunfidad</word>             <importancia>0.01282051282051282</importancia></keyword>
         <keyword>             <word>13UTC</word>             <importancia>0.01282051282051282</importancia></keyword>
         <keyword>             <word>Febrero</word>             <importancia>0.01282051282051282</importancia></keyword>
         <keyword>             <word>Zealand</word>             <importancia>1</importancia></keyword>
         <keyword>             <word>New</word>             <importancia>1</importancia></keyword>
         <keyword>             <word>Christchurch</word>             <importancia>0.07692307692307693</importancia></keyword>
         <keyword>             <word>ENE</word>             <importancia>0.0641025641025641</importancia></keyword>
         <keyword>             <word>17km</word>             <importancia>0.07692307692307693</importancia></keyword>
         <keyword>             <word>magnitud</word>             <importancia>0.01282051282051282</importancia></keyword>
         <keyword>             <word>SISMO</word>             <importancia>0.07692307692307693</importancia></keyword>
         <keyword>             <word>AMPLIADO</word>             <importancia>0.01282051282051282</importancia></keyword>
      </keywords>
      <hashtags>
      </hashtags>
  </tweet>
	<tweet>      <id_original>698666572077015040</id_original>
		<tipo>difusion</tipo>
      <importancia_tweet>1.0</importancia_tweet>
      <text>#sismo M5.8,  17km ENE of Christchurch, New Zealand, Hace 20 minutos. Reportado a través de https://t.co/KanuKAzkMP https://t.co/xIptLRdFBU</text>
      <usuarios>
      	<usuario>      <id_usuario>472175811</id_usuario>      <influencia_usuario>1.4990384296561559</influencia_usuario>      <userScreenName>enrimoradiaz</userScreenName>      <userImage>http://pbs.twimg.com/profile_images/646333806505537536/2zf_pYLt_normal.jpg</userImage>      	</usuario>
      </usuarios>
      <keywords>
         <keyword>             <word>traves</word>             <importancia>0.038461538461538464</importancia></keyword>
         <keyword>             <word>Reportado</word>             <importancia>0.038461538461538464</importancia></keyword>
         <keyword>             <word>minutos</word>             <importancia>0.01282051282051282</importancia></keyword>
         <keyword>             <word>Zealand</word>             <importancia>1</importancia></keyword>
         <keyword>             <word>New</word>             <importancia>1</importancia></keyword>
         <keyword>             <word>Christchurch</word>             <importancia>0.07692307692307693</importancia></keyword>
         <keyword>             <word>of</word>             <importancia>0.07692307692307693</importancia></keyword>
         <keyword>             <word>ENE</word>             <importancia>0.0641025641025641</importancia></keyword>
         <keyword>             <word>17km</word>             <importancia>0.07692307692307693</importancia></keyword>
         <keyword>             <word>M5</word>             <importancia>0.038461538461538464</importancia></keyword>
      </keywords>
      <hashtags>
         <hashtag>             <word>sismo</word>             <importancia>0</importancia></hashtag>
      </hashtags>
  </tweet>
	<tweet>      <id_original>698665111146405888</id_original>
		<tipo>irrelevante</tipo>
      <importancia_tweet>0.18886488311249894</importancia_tweet>
      <text>Simplemente ¡wow! Da la vuelta al mundo por... ¡menos de 1.500 euros! | Traveler: https://t.co/twcrTtJEBJ cc @kastwey</text>
      <usuarios>
      	<usuario>      <id_usuario>4823504031</id_usuario>      <influencia_usuario>1.1468852459016392</influencia_usuario>      <userScreenName>LadyBlueLadyB</userScreenName>      <userImage>http://pbs.twimg.com/profile_images/689049011265863680/NCMu5Nyn_normal.jpg</userImage>      	</usuario>
      	<usuario>      <id_usuario>85324019</id_usuario>      <influencia_usuario>1.4002556903533754</influencia_usuario>      <userScreenName>amaterasu_n</userScreenName>      <userImage>http://pbs.twimg.com/profile_images/3235581828/9b13572ff260d65ce6467d4c86b53dc5_normal.jpeg</userImage>      	</usuario>
      </usuarios>
      <keywords>
         <keyword>             <word>cc</word>             <importancia>0</importancia></keyword>
         <keyword>             <word>Traveler</word>             <importancia>0</importancia></keyword>
         <keyword>             <word>euros</word>             <importancia>0.06097560975609756</importancia></keyword>
         <keyword>             <word>mundo</word>             <importancia>0.07058823529411765</importancia></keyword>
         <keyword>             <word>vuelta</word>             <importancia>0.07058823529411765</importancia></keyword>
         <keyword>             <word>wow</word>             <importancia>0</importancia></keyword>
         <keyword>             <word>Simplemente</word>             <importancia>0</importancia></keyword>
      </keywords>
      <hashtags>
      </hashtags>
  </tweet>
	<tweet>      <id_original>698664273107668992</id_original>
		<tipo>difusion</tipo>
      <importancia_tweet>1.0</importancia_tweet>
      <text>AHORA: SISMO PRELIMINAR: MAG 5.7 South Island, New Zealand, epicentro a 43.34°S 172.92°E y profundidad de 10km, https://t.co/mVFleNxwSd</text>
      <usuarios>
      	<usuario>      <id_usuario>223011686</id_usuario>      <influencia_usuario>1.3259263503345105</influencia_usuario>      <userScreenName>sergio_raptor</userScreenName>      <userImage>http://pbs.twimg.com/profile_images/2326203248/56y6slhrlxx6tctjbjnk_normal.jpeg</userImage>      	</usuario>
      </usuarios>
      <keywords>
         <keyword>             <word>10km</word>             <importancia>0.01282051282051282</importancia></keyword>
         <keyword>             <word>profundidad</word>             <importancia>0.01282051282051282</importancia></keyword>
         <keyword>             <word>epicentro</word>             <importancia>0.01282051282051282</importancia></keyword>
         <keyword>             <word>Zealand</word>             <importancia>1</importancia></keyword>
         <keyword>             <word>New</word>             <importancia>1</importancia></keyword>
         <keyword>             <word>Island</word>             <importancia>0.01282051282051282</importancia></keyword>
         <keyword>             <word>South</word>             <importancia>0.01282051282051282</importancia></keyword>
         <keyword>             <word>MAG</word>             <importancia>0.01282051282051282</importancia></keyword>
         <keyword>             <word>PRELIMINAR</word>             <importancia>0.01282051282051282</importancia></keyword>
         <keyword>             <word>SISMO</word>             <importancia>0.07692307692307693</importancia></keyword>
      </keywords>
      <hashtags>
      </hashtags>
  </tweet>
	<tweet>      <id_original>698660223213383680</id_original>
		<tipo>conversacion</tipo>
      <importancia_tweet>1.0</importancia_tweet>
      <text>@GolazoUCV muchas gracias,  saludos desde New Zealand y aguante E4E!</text>
      <usuarios>
      	<usuario>      <id_usuario>438754953</id_usuario>      <influencia_usuario>1.9112553696070698</influencia_usuario>      <userScreenName>GolazoUCV</userScreenName>      <userImage>http://pbs.twimg.com/profile_images/685846834187792384/ZWatyfZl_normal.jpg</userImage>      	</usuario>
      	<usuario>      <id_usuario>118259541</id_usuario>      <influencia_usuario>0.9478703115066751</influencia_usuario>      <userScreenName>PauloMontino</userScreenName>      <userImage>http://pbs.twimg.com/profile_images/687224312424579072/-ifkV9tr_normal.jpg</userImage>      	</usuario>
      </usuarios>
      <keywords>
         <keyword>             <word>E4E</word>             <importancia>0.02564102564102564</importancia></keyword>
         <keyword>             <word>aguante</word>             <importancia>0.02564102564102564</importancia></keyword>
         <keyword>             <word>Zealand</word>             <importancia>1</importancia></keyword>
         <keyword>             <word>New</word>             <importancia>1</importancia></keyword>
         <keyword>             <word>saludos</word>             <importancia>0.02564102564102564</importancia></keyword>
         <keyword>             <word>gracias</word>             <importancia>0.02564102564102564</importancia></keyword>
      </keywords>
      <hashtags>
      </hashtags>
  </tweet>
	<tweet>      <id_original>698644207565729792</id_original>
		<tipo>difusion</tipo>
      <importancia_tweet>1.0</importancia_tweet>
      <text>Air New Zealand propone un billete único para dar la vuelta al mundo por menos de 1.500 euros https://t.co/Hj9SAVOioQ</text>
      <usuarios>
      	<usuario>      <id_usuario>246196807</id_usuario>      <influencia_usuario>0.1885421836228287</influencia_usuario>      <userScreenName>Carbarno</userScreenName>      <userImage>http://pbs.twimg.com/profile_images/458377551938060288/JPMoPzKY_normal.jpeg</userImage>      	</usuario>
      </usuarios>
      <keywords>
         <keyword>             <word>euros</word>             <importancia>0.06097560975609756</importancia></keyword>
         <keyword>             <word>mundo</word>             <importancia>0.07058823529411765</importancia></keyword>
         <keyword>             <word>vuelta</word>             <importancia>0.07058823529411765</importancia></keyword>
         <keyword>             <word>dar</word>             <importancia>0.04938271604938271</importancia></keyword>
         <keyword>             <word>unico</word>             <importancia>0.05063291139240506</importancia></keyword>
         <keyword>             <word>billete</word>             <importancia>0.05063291139240506</importancia></keyword>
         <keyword>             <word>propone</word>             <importancia>0.05128205128205128</importancia></keyword>
         <keyword>             <word>Zealand</word>             <importancia>1</importancia></keyword>
         <keyword>             <word>New</word>             <importancia>1</importancia></keyword>
         <keyword>             <word>Air</word>             <importancia>0.07692307692307693</importancia></keyword>
      </keywords>
      <hashtags>
      </hashtags>
  </tweet>
	<tweet>      <id_original>698642276130680832</id_original>
		<tipo>difusion</tipo>
      <importancia_tweet>1.0</importancia_tweet>
      <text>Air New Zealand propone un billete único para dar la vuelta al mundo por menos de 1.500 euros https://t.co/MVJ1cLffHq vía @02B_com</text>
      <usuarios>
      	<usuario>      <id_usuario>54481231</id_usuario>      <influencia_usuario>2.1360929646091207</influencia_usuario>      <userScreenName>devilapurau</userScreenName>      <userImage>http://pbs.twimg.com/profile_images/3208803688/fa1364ddf8e65c6ac4625d694945cb83_normal.jpeg</userImage>      	</usuario>
      </usuarios>
      <keywords>
         <keyword>             <word>euros</word>             <importancia>0.06097560975609756</importancia></keyword>
         <keyword>             <word>mundo</word>             <importancia>0.07058823529411765</importancia></keyword>
         <keyword>             <word>vuelta</word>             <importancia>0.07058823529411765</importancia></keyword>
         <keyword>             <word>dar</word>             <importancia>0.04938271604938271</importancia></keyword>
         <keyword>             <word>unico</word>             <importancia>0.05063291139240506</importancia></keyword>
         <keyword>             <word>billete</word>             <importancia>0.05063291139240506</importancia></keyword>
         <keyword>             <word>propone</word>             <importancia>0.05128205128205128</importancia></keyword>
         <keyword>             <word>Zealand</word>             <importancia>1</importancia></keyword>
         <keyword>             <word>New</word>             <importancia>1</importancia></keyword>
         <keyword>             <word>Air</word>             <importancia>0.07692307692307693</importancia></keyword>
      </keywords>
      <hashtags>
      </hashtags>
  </tweet>
	<tweet>      <id_original>698629743399321600</id_original>
		<tipo>irrelevante</tipo>
      <importancia_tweet>0</importancia_tweet>
      <text>Si compartes unas de mis grandes pasiones, viajar, este enlace te va a alegrar el día... y quizás la vida ;) https://t.co/9pZJjwS7RY</text>
      <usuarios>
      	<usuario>      <id_usuario>73021823</id_usuario>      <influencia_usuario>1.7655094772621482</influencia_usuario>      <userScreenName>dikeh07</userScreenName>      <userImage>http://pbs.twimg.com/profile_images/677534295792214016/nNCwebq7_normal.jpg</userImage>      	</usuario>
      </usuarios>
      <keywords>
         <keyword>             <word>vida</word>             <importancia>0</importancia></keyword>
         <keyword>             <word>dia</word>             <importancia>0</importancia></keyword>
         <keyword>             <word>alegrar</word>             <importancia>0</importancia></keyword>
         <keyword>             <word>enlace</word>             <importancia>0</importancia></keyword>
         <keyword>             <word>viajar</word>             <importancia>0</importancia></keyword>
         <keyword>             <word>pasiones</word>             <importancia>0</importancia></keyword>
         <keyword>             <word>grandes</word>             <importancia>0</importancia></keyword>
         <keyword>             <word>compartes</word>             <importancia>0</importancia></keyword>
      </keywords>
      <hashtags>
      </hashtags>
  </tweet>
	<tweet>      <id_original>698600183416942592</id_original>
		<tipo>irrelevante</tipo>
      <importancia_tweet>0.305028084882925</importancia_tweet>
      <text>Un billete único para dar la vuelta al mundo por menos de 1.500 euros. https://t.co/FZ5E6qBwjs https://t.co/9Z9PeJVKN5</text>
      <usuarios>
      	<usuario>      <id_usuario>809843041</id_usuario>      <influencia_usuario>0.762071992976295</influencia_usuario>      <userScreenName>bellcordova</userScreenName>      <userImage>http://pbs.twimg.com/profile_images/686523774594904065/9LoYT6ek_normal.jpg</userImage>      	</usuario>
      </usuarios>
      <keywords>
         <keyword>             <word>euros</word>             <importancia>0.06097560975609756</importancia></keyword>
         <keyword>             <word>mundo</word>             <importancia>0.07058823529411765</importancia></keyword>
         <keyword>             <word>vuelta</word>             <importancia>0.07058823529411765</importancia></keyword>
         <keyword>             <word>dar</word>             <importancia>0.04938271604938271</importancia></keyword>
         <keyword>             <word>unico</word>             <importancia>0.05063291139240506</importancia></keyword>
         <keyword>             <word>billete</word>             <importancia>0.05063291139240506</importancia></keyword>
      </keywords>
      <hashtags>
      </hashtags>
  </tweet>
	<tweet>      <id_original>698572032515174400</id_original>
		<tipo>difusion</tipo>
      <importancia_tweet>1.0</importancia_tweet>
      <text>El single History de 1D ha sido certificado Oro por vender 7,500 copias en New Zealand #Vote1DirectionUK #KCA https://t.co/Sbjy9eYqbz</text>
      <usuarios>
      	<usuario>      <id_usuario>3112223397</id_usuario>      <influencia_usuario>0.5406156156156156</influencia_usuario>      <userScreenName>marisa_valadez</userScreenName>      <userImage>http://pbs.twimg.com/profile_images/580547413003374592/e_KpgQq-_normal.jpg</userImage>      	</usuario>
      	<usuario>      <id_usuario>4883791934</id_usuario>      <influencia_usuario>0.7244925213675213</influencia_usuario>      <userScreenName>AnaPaul37671364</userScreenName>      <userImage>http://pbs.twimg.com/profile_images/697799731540414464/xyRWJXgs_normal.jpg</userImage>      	</usuario>
      	<usuario>      <id_usuario>3103298068</id_usuario>      <influencia_usuario>0.35304792038917104</influencia_usuario>      <userScreenName>samanthitacast1</userScreenName>      <userImage>http://pbs.twimg.com/profile_images/609838660658307072/tuptHqIh_normal.jpg</userImage>      	</usuario>
      	<usuario>      <id_usuario>4778568981</id_usuario>      <influencia_usuario>6.300000000000001</influencia_usuario>      <userScreenName>jenita20ec</userScreenName>      <userImage>http://pbs.twimg.com/profile_images/698240182680686592/3YTmJDmu_normal.jpg</userImage>      	</usuario>
      </usuarios>
      <keywords>
         <keyword>             <word>Zealand</word>             <importancia>1</importancia></keyword>
         <keyword>             <word>New</word>             <importancia>1</importancia></keyword>
         <keyword>             <word>copias</word>             <importancia>0.6538461538461539</importancia></keyword>
         <keyword>             <word>vender</word>             <importancia>0.6538461538461539</importancia></keyword>
         <keyword>             <word>Oro</word>             <importancia>0.6538461538461539</importancia></keyword>
         <keyword>             <word>certificado</word>             <importancia>0.6538461538461539</importancia></keyword>
         <keyword>             <word>1D</word>             <importancia>0.6282051282051282</importancia></keyword>
         <keyword>             <word>History</word>             <importancia>0.6538461538461539</importancia></keyword>
         <keyword>             <word>single</word>             <importancia>0.6282051282051282</importancia></keyword>
      </keywords>
      <hashtags>
         <hashtag>             <word>KCA</word>             <importancia>0</importancia></hashtag>
         <hashtag>             <word>Vote1DirectionUK</word>             <importancia>0</importancia></hashtag>
      </hashtags>
  </tweet>
	<tweet>      <id_original>698567484719435776</id_original>
		<tipo>irrelevante</tipo>
      <importancia_tweet>0.18886488311249894</importancia_tweet>
      <text>Da la vuelta al mundo por... ¡menos de 1.500 euros! https://t.co/tRdZVzUL7V</text>
      <usuarios>
      	<usuario>      <id_usuario>276567305</id_usuario>      <influencia_usuario>1.2069611780455154</influencia_usuario>      <userScreenName>rmmorontap</userScreenName>      <userImage>http://pbs.twimg.com/profile_images/552292727095046147/44yhie9t_normal.jpeg</userImage>      	</usuario>
      </usuarios>
      <keywords>
         <keyword>             <word>euros</word>             <importancia>0.06097560975609756</importancia></keyword>
         <keyword>             <word>mundo</word>             <importancia>0.07058823529411765</importancia></keyword>
         <keyword>             <word>vuelta</word>             <importancia>0.07058823529411765</importancia></keyword>
      </keywords>
      <hashtags>
      </hashtags>
  </tweet>
	<tweet>      <id_original>698558970408136704</id_original>
		<tipo>irrelevante</tipo>
      <importancia_tweet>0.17885086932376437</importancia_tweet>
      <text>Dar la vuelta al mundo por menos de 1500€?! 😮 Donde firmo?? 😀😀😀@02B_com https://t.co/fDsIKjlY4J</text>
      <usuarios>
      	<usuario>      <id_usuario>19355632</id_usuario>      <influencia_usuario>1.1340070401721092</influencia_usuario>      <userScreenName>Adolfwolfer</userScreenName>      <userImage>http://pbs.twimg.com/profile_images/582603814139764736/kcQp7SZS_normal.jpg</userImage>      	</usuario>
      	<usuario>      <id_usuario>274719087</id_usuario>      <influencia_usuario>0.8681077684265835</influencia_usuario>      <userScreenName>gerenciafihr</userScreenName>      <userImage>http://pbs.twimg.com/profile_images/1610808370/icona_fihr_normal.jpg</userImage>      	</usuario>
      </usuarios>
      <keywords>
         <keyword>             <word>firmo</word>             <importancia>0</importancia></keyword>
         <keyword>             <word>mundo</word>             <importancia>0.07058823529411765</importancia></keyword>
         <keyword>             <word>vuelta</word>             <importancia>0.07058823529411765</importancia></keyword>
         <keyword>             <word>Dar</word>             <importancia>0.04938271604938271</importancia></keyword>
      </keywords>
      <hashtags>
      </hashtags>
  </tweet>
	<tweet>      <id_original>698447708101677056</id_original>
		<tipo>difusion</tipo>
      <importancia_tweet>1.0</importancia_tweet>
      <text>6ª posición para @NJimenezPodium tras 2ª jornada del ISPS Handa New Zealand WO #golf #LET. Acumulado de -5 (70-69) https://t.co/iielFEK5fO</text>
      <usuarios>
      	<usuario>      <id_usuario>4277891398</id_usuario>      <influencia_usuario>0.4848042080654589</influencia_usuario>      <userScreenName>golfandparty</userScreenName>      <userImage>http://pbs.twimg.com/profile_images/670563347532771328/myulFxuA_normal.jpg</userImage>      	</usuario>
      </usuarios>
      <keywords>
         <keyword>             <word>70-69</word>             <importancia>0.01282051282051282</importancia></keyword>
         <keyword>             <word>Acumulado</word>             <importancia>0.01282051282051282</importancia></keyword>
         <keyword>             <word>WO</word>             <importancia>0.01282051282051282</importancia></keyword>
         <keyword>             <word>Zealand</word>             <importancia>1</importancia></keyword>
         <keyword>             <word>New</word>             <importancia>1</importancia></keyword>
         <keyword>             <word>Handa</word>             <importancia>0.02564102564102564</importancia></keyword>
         <keyword>             <word>ISPS</word>             <importancia>0.02564102564102564</importancia></keyword>
         <keyword>             <word>jornada</word>             <importancia>0.01282051282051282</importancia></keyword>
         <keyword>             <word>posicion</word>             <importancia>0.02564102564102564</importancia></keyword>
      </keywords>
      <hashtags>
         <hashtag>             <word>LET</word>             <importancia>0</importancia></hashtag>
         <hashtag>             <word>golf</word>             <importancia>0</importancia></hashtag>
      </hashtags>
  </tweet>
	<tweet>      <id_original>698445367818506240</id_original>
		<tipo>difusion</tipo>
      <importancia_tweet>1.0</importancia_tweet>
      <text>Mira como diseñar tu vuelta al mundo con Air New Zealand por menos de 1.500€ https://t.co/SxKcxawugq @FlyAirNZ https://t.co/Q6oeh41tpw</text>
      <usuarios>
      	<usuario>      <id_usuario>2353835522</id_usuario>      <influencia_usuario>0.1895451127819549</influencia_usuario>      <userScreenName>CoaL_2010</userScreenName>      <userImage>http://pbs.twimg.com/profile_images/643431210916651008/iYkIiqpo_normal.jpg</userImage>      	</usuario>
      </usuarios>
      <keywords>
         <keyword>             <word>Zealand</word>             <importancia>1</importancia></keyword>
         <keyword>             <word>New</word>             <importancia>1</importancia></keyword>
         <keyword>             <word>Air</word>             <importancia>0.07692307692307693</importancia></keyword>
         <keyword>             <word>mundo</word>             <importancia>0.07058823529411765</importancia></keyword>
         <keyword>             <word>vuelta</word>             <importancia>0.07058823529411765</importancia></keyword>
         <keyword>             <word>diseñar</word>             <importancia>0.01282051282051282</importancia></keyword>
         <keyword>             <word>Mira</word>             <importancia>0.01282051282051282</importancia></keyword>
      </keywords>
      <hashtags>
      </hashtags>
  </tweet>
	<tweet>      <id_original>698393928341594112</id_original>
		<tipo>difusion</tipo>
      <importancia_tweet>0</importancia_tweet>
      <text>#NewZealand - Guide To #Rotorua #Travel #Tourism #vacation https://t.co/ukwLJq1Mqr via @Charlesfrize</text>
      <usuarios>
      	<usuario>      <id_usuario>33259053</id_usuario>      <influencia_usuario>1.3790750802601388</influencia_usuario>      <userScreenName>Mfrize</userScreenName>      <userImage>http://pbs.twimg.com/profile_images/573909949266309120/GzHycAw3_normal.jpeg</userImage>      	</usuario>
      </usuarios>
      <keywords>
         <keyword>             <word>To</word>             <importancia>0</importancia></keyword>
         <keyword>             <word>Guide</word>             <importancia>0</importancia></keyword>
      </keywords>
      <hashtags>
         <hashtag>             <word>vacation</word>             <importancia>0</importancia></hashtag>
         <hashtag>             <word>Tourism</word>             <importancia>0</importancia></hashtag>
         <hashtag>             <word>Travel</word>             <importancia>0</importancia></hashtag>
         <hashtag>             <word>Rotorua</word>             <importancia>0</importancia></hashtag>
         <hashtag>             <word>NewZealand</word>             <importancia>0</importancia></hashtag>
      </hashtags>
  </tweet>
	<tweet>      <id_original>698387384703049728</id_original>
		<tipo>difusion</tipo>
      <importancia_tweet>0</importancia_tweet>
      <text>#NewZealand - Guide To #Rotorua #Travel #Tourism #Social !#brand https://t.co/6TgMQuecnZ @Charlesfrize @DynamicFrize @Frizemedia #tourism</text>
      <usuarios>
      	<usuario>      <id_usuario>977170688</id_usuario>      <influencia_usuario>1.5167334923425169</influencia_usuario>      <userScreenName>Frizemedia</userScreenName>      <userImage>http://pbs.twimg.com/profile_images/2908532805/173ec4b28316ff3b692046c65443e5d0_normal.jpeg</userImage>      	</usuario>
      </usuarios>
      <keywords>
         <keyword>             <word>To</word>             <importancia>0</importancia></keyword>
         <keyword>             <word>Guide</word>             <importancia>0</importancia></keyword>
      </keywords>
      <hashtags>
         <hashtag>             <word>tourism</word>             <importancia>0</importancia></hashtag>
         <hashtag>             <word>brand</word>             <importancia>0</importancia></hashtag>
         <hashtag>             <word>Social</word>             <importancia>0</importancia></hashtag>
         <hashtag>             <word>Tourism</word>             <importancia>0</importancia></hashtag>
         <hashtag>             <word>Travel</word>             <importancia>0</importancia></hashtag>
         <hashtag>             <word>Rotorua</word>             <importancia>0</importancia></hashtag>
         <hashtag>             <word>NewZealand</word>             <importancia>0</importancia></hashtag>
      </hashtags>
  </tweet>
	<tweet>      <id_original>698332963960782848</id_original>
		<tipo>general</tipo>
      <importancia_tweet>1.0</importancia_tweet>
      <text>History ha sido certificado Oro por vender 7500 copias en New Zealand! #KCA #Humor1D #LarriesDeserveRespect</text>
      <usuarios>
      	<usuario>      <id_usuario>3266470130</id_usuario>      <influencia_usuario>1.0297260024864305</influencia_usuario>      <userScreenName>horanslaurenx</userScreenName>      <userImage>http://pbs.twimg.com/profile_images/698598868796121088/Q27zfPpo_normal.jpg</userImage>      	</usuario>
      	<usuario>      <id_usuario>2763743554</id_usuario>      <influencia_usuario>0.6976707907613474</influencia_usuario>      <userScreenName>paolitarivas13</userScreenName>      <userImage>http://pbs.twimg.com/profile_images/698574694870601728/CmjGGHpP_normal.jpg</userImage>      	</usuario>
      </usuarios>
      <keywords>
         <keyword>             <word>Zealand</word>             <importancia>1</importancia></keyword>
         <keyword>             <word>New</word>             <importancia>1</importancia></keyword>
         <keyword>             <word>copias</word>             <importancia>0.6538461538461539</importancia></keyword>
         <keyword>             <word>vender</word>             <importancia>0.6538461538461539</importancia></keyword>
         <keyword>             <word>Oro</word>             <importancia>0.6538461538461539</importancia></keyword>
         <keyword>             <word>certificado</word>             <importancia>0.6538461538461539</importancia></keyword>
         <keyword>             <word>History</word>             <importancia>0.6538461538461539</importancia></keyword>
      </keywords>
      <hashtags>
         <hashtag>             <word>LarriesDeserveRespect</word>             <importancia>0</importancia></hashtag>
         <hashtag>             <word>Humor1D</word>             <importancia>0</importancia></hashtag>
         <hashtag>             <word>KCA</word>             <importancia>0</importancia></hashtag>
      </hashtags>
  </tweet>
	<tweet>      <id_original>698330201986478080</id_original>
		<tipo>difusion</tipo>
      <importancia_tweet>1.0</importancia_tweet>
      <text>El single History de 1D ha sido certificado Oro por vender 7,500 copias en New Zealand #Vote1DirectionUK #KCA https://t.co/vgGAVYGQck</text>
      <usuarios>
      	<usuario>      <id_usuario>2382934933</id_usuario>      <influencia_usuario>1.1467961822915165</influencia_usuario>      <userScreenName>na_Vlz</userScreenName>      <userImage>http://pbs.twimg.com/profile_images/678629157106925568/RDtZy6nD_normal.jpg</userImage>      	</usuario>
      	<usuario>      <id_usuario>2377584283</id_usuario>      <influencia_usuario>0.47309978677596043</influencia_usuario>      <userScreenName>xlis_e</userScreenName>      <userImage>http://pbs.twimg.com/profile_images/633002334642003968/ocA2_qwL_normal.jpg</userImage>      	</usuario>
      	<usuario>      <id_usuario>3031585030</id_usuario>      <influencia_usuario>0.5237334167849519</influencia_usuario>      <userScreenName>AyluRociio</userScreenName>      <userImage>http://pbs.twimg.com/profile_images/694281919220092929/zS20R2OH_normal.jpg</userImage>      	</usuario>
      	<usuario>      <id_usuario>1924556048</id_usuario>      <influencia_usuario>1.3945640574099074</influencia_usuario>      <userScreenName>fernanda_idaly</userScreenName>      <userImage>http://pbs.twimg.com/profile_images/671551254867283968/_LZkNWB0_normal.jpg</userImage>      	</usuario>
      	<usuario>      <id_usuario>3250041992</id_usuario>      <influencia_usuario>0.6839821744293848</influencia_usuario>      <userScreenName>MelanyPineda1D</userScreenName>      <userImage>http://pbs.twimg.com/profile_images/694680356893515776/IAGgd0ZU_normal.jpg</userImage>      	</usuario>
      	<usuario>      <id_usuario>2906414070</id_usuario>      <influencia_usuario>0.2505170328169509</influencia_usuario>      <userScreenName>Marcela_SMA_1D</userScreenName>      <userImage>http://pbs.twimg.com/profile_images/666424704975028225/ufbQ8P9K_normal.jpg</userImage>      	</usuario>
      	<usuario>      <id_usuario>1593863496</id_usuario>      <influencia_usuario>0.9828818583853526</influencia_usuario>      <userScreenName>1Dsmileguys</userScreenName>      <userImage>http://pbs.twimg.com/profile_images/694343157681553408/ZBEURCmc_normal.jpg</userImage>      	</usuario>
      	<usuario>      <id_usuario>726718026</id_usuario>      <influencia_usuario>0.46695935353558793</influencia_usuario>      <userScreenName>Lilo_BTS</userScreenName>      <userImage>http://pbs.twimg.com/profile_images/698759737291071488/qfqxQWyy_normal.jpg</userImage>      	</usuario>
      	<usuario>      <id_usuario>3000405387</id_usuario>      <influencia_usuario>1.3531392694063926</influencia_usuario>      <userScreenName>catamalik123</userScreenName>      <userImage>http://pbs.twimg.com/profile_images/692937274774941696/lQcqeMYZ_normal.jpg</userImage>      	</usuario>
      	<usuario>      <id_usuario>564961321</id_usuario>      <influencia_usuario>1.4597157908636005</influencia_usuario>      <userScreenName>_AnaLu1D</userScreenName>      <userImage>http://pbs.twimg.com/profile_images/693975820889636864/KIBY6e1U_normal.jpg</userImage>      	</usuario>
      	<usuario>      <id_usuario>698702841549103104</id_usuario>      <influencia_usuario>0.5096153846153846</influencia_usuario>      <userScreenName>melaccomomaria2</userScreenName>      <userImage>http://abs.twimg.com/sticky/default_profile_images/default_profile_1_normal.png</userImage>      	</usuario>
      	<usuario>      <id_usuario>1275980425</id_usuario>      <influencia_usuario>0.25378334826475846</influencia_usuario>      <userScreenName>Chaidezjulia</userScreenName>      <userImage>http://pbs.twimg.com/profile_images/559434089376514049/E9Y5o9hp_normal.jpeg</userImage>      	</usuario>
      	<usuario>      <id_usuario>2978384486</id_usuario>      <influencia_usuario>0.6292698950179392</influencia_usuario>      <userScreenName>alanisstylesab1</userScreenName>      <userImage>http://pbs.twimg.com/profile_images/698695340040433664/CgNbMbjG_normal.jpg</userImage>      	</usuario>
      	<usuario>      <id_usuario>1129255615</id_usuario>      <influencia_usuario>0.39694873771319467</influencia_usuario>      <userScreenName>PalominoHannia</userScreenName>      <userImage>http://pbs.twimg.com/profile_images/692054009268449280/Oy72UZHF_normal.jpg</userImage>      	</usuario>
      	<usuario>      <id_usuario>2786174038</id_usuario>      <influencia_usuario>0.6894215225563909</influencia_usuario>      <userScreenName>NBombomIrlandes</userScreenName>      <userImage>http://pbs.twimg.com/profile_images/630421514630885376/c4omnM3U_normal.jpg</userImage>      	</usuario>
      	<usuario>      <id_usuario>3130438163</id_usuario>      <influencia_usuario>1.040966386554622</influencia_usuario>      <userScreenName>dulceguzman_1D</userScreenName>      <userImage>http://pbs.twimg.com/profile_images/691651036449099778/9zppB4dK_normal.jpg</userImage>      	</usuario>
      	<usuario>      <id_usuario>2194910810</id_usuario>      <influencia_usuario>1.4791245617695306</influencia_usuario>      <userScreenName>Breathe_mex</userScreenName>      <userImage>http://pbs.twimg.com/profile_images/697886677545521153/TfptRxej_normal.png</userImage>      	</usuario>
      	<usuario>      <id_usuario>744119971</id_usuario>      <influencia_usuario>0.31501010889968883</influencia_usuario>      <userScreenName>1D_zanahoria</userScreenName>      <userImage>http://pbs.twimg.com/profile_images/692197951536513026/mzD3sy8u_normal.jpg</userImage>      	</usuario>
      	<usuario>      <id_usuario>463066719</id_usuario>      <influencia_usuario>1.086079568653913</influencia_usuario>      <userScreenName>__Bravery_</userScreenName>      <userImage>http://pbs.twimg.com/profile_images/490677849917906944/RkkJ4sXG_normal.jpeg</userImage>      	</usuario>
      	<usuario>      <id_usuario>2788348565</id_usuario>      <influencia_usuario>1.0202859732054061</influencia_usuario>      <userScreenName>mabelpereyra000</userScreenName>      <userImage>http://pbs.twimg.com/profile_images/653082195284873216/TtJsWh-v_normal.jpg</userImage>      	</usuario>
      	<usuario>      <id_usuario>272691968</id_usuario>      <influencia_usuario>3.320332072656697</influencia_usuario>      <userScreenName>linalsom</userScreenName>      <userImage>http://pbs.twimg.com/profile_images/627277530295336960/jEEbFBJi_normal.jpg</userImage>      	</usuario>
      	<usuario>      <id_usuario>636617730</id_usuario>      <influencia_usuario>0.35015875182923745</influencia_usuario>      <userScreenName>XiomyAlexandraJ</userScreenName>      <userImage>http://pbs.twimg.com/profile_images/682300269191905281/MZ8CtkRp_normal.jpg</userImage>      	</usuario>
      	<usuario>      <id_usuario>2717209612</id_usuario>      <influencia_usuario>1.2396542715811336</influencia_usuario>      <userScreenName>karisleyda</userScreenName>      <userImage>http://pbs.twimg.com/profile_images/681927989542559744/X3DlTWM6_normal.jpg</userImage>      	</usuario>
      	<usuario>      <id_usuario>1062163142</id_usuario>      <influencia_usuario>1.554979702609013</influencia_usuario>      <userScreenName>FJ1998FL</userScreenName>      <userImage>http://pbs.twimg.com/profile_images/692058549996822528/Y_oJ7r0U_normal.jpg</userImage>      	</usuario>
      	<usuario>      <id_usuario>1319634769</id_usuario>      <influencia_usuario>0.4987343563825585</influencia_usuario>      <userScreenName>JokiPoki1D</userScreenName>      <userImage>http://pbs.twimg.com/profile_images/570804662967926784/-YZjh_T6_normal.jpeg</userImage>      	</usuario>
      	<usuario>      <id_usuario>1669151892</id_usuario>      <influencia_usuario>0.9295664858233414</influencia_usuario>      <userScreenName>YosoyDirection1</userScreenName>      <userImage>http://pbs.twimg.com/profile_images/694030901232029696/EaKZMBVs_normal.jpg</userImage>      	</usuario>
      	<usuario>      <id_usuario>2911350270</id_usuario>      <influencia_usuario>0.5173422482239867</influencia_usuario>      <userScreenName>mapaulame</userScreenName>      <userImage>http://pbs.twimg.com/profile_images/658479178010853376/dauhwRHW_normal.jpg</userImage>      	</usuario>
      	<usuario>      <id_usuario>3349779161</id_usuario>      <influencia_usuario>1.1640610481483062</influencia_usuario>      <userScreenName>Nicole1D777</userScreenName>      <userImage>http://pbs.twimg.com/profile_images/695642678223101952/Ojpxz6XX_normal.jpg</userImage>      	</usuario>
      	<usuario>      <id_usuario>1255510488</id_usuario>      <influencia_usuario>0.6631736668017376</influencia_usuario>      <userScreenName>ErikaSwag1D</userScreenName>      <userImage>http://pbs.twimg.com/profile_images/681885489834532865/GjGgiGkk_normal.jpg</userImage>      	</usuario>
      	<usuario>      <id_usuario>3039787462</id_usuario>      <influencia_usuario>0.7272018556213712</influencia_usuario>      <userScreenName>rojazmin15</userScreenName>      <userImage>http://pbs.twimg.com/profile_images/692309803025170432/NT7llfCB_normal.jpg</userImage>      	</usuario>
      	<usuario>      <id_usuario>602041039</id_usuario>      <influencia_usuario>1.3768344527245828</influencia_usuario>      <userScreenName>96_marcia</userScreenName>      <userImage>http://pbs.twimg.com/profile_images/698277189721182208/6Y5UR7Xx_normal.jpg</userImage>      	</usuario>
      	<usuario>      <id_usuario>3031340715</id_usuario>      <influencia_usuario>0.18279148320164065</influencia_usuario>      <userScreenName>Nenifer1d</userScreenName>      <userImage>http://pbs.twimg.com/profile_images/692522291532529665/bJJrUXRn_normal.jpg</userImage>      	</usuario>
      	<usuario>      <id_usuario>3419115568</id_usuario>      <influencia_usuario>1.0949502794144959</influencia_usuario>      <userScreenName>srstylinson125</userScreenName>      <userImage>http://pbs.twimg.com/profile_images/632611102388523008/8uN172UL_normal.jpg</userImage>      	</usuario>
      	<usuario>      <id_usuario>1643744318</id_usuario>      <influencia_usuario>1.803540782361743</influencia_usuario>      <userScreenName>beyourself_711</userScreenName>      <userImage>http://pbs.twimg.com/profile_images/694310157040226305/UKmpbOuX_normal.jpg</userImage>      	</usuario>
      	<usuario>      <id_usuario>2704717444</id_usuario>      <influencia_usuario>0.7564484985436877</influencia_usuario>      <userScreenName>z4ynM4l1k_1d</userScreenName>      <userImage>http://pbs.twimg.com/profile_images/696370814816391168/7niW85yx_normal.jpg</userImage>      	</usuario>
      	<usuario>      <id_usuario>715309495</id_usuario>      <influencia_usuario>1.4465679924008652</influencia_usuario>      <userScreenName>vrem1D</userScreenName>      <userImage>http://pbs.twimg.com/profile_images/697610839835222016/UmvjuYuL_normal.jpg</userImage>      	</usuario>
      	<usuario>      <id_usuario>1494349520</id_usuario>      <influencia_usuario>0.7090208486805537</influencia_usuario>      <userScreenName>Karlitha_Tommo</userScreenName>      <userImage>http://pbs.twimg.com/profile_images/684814616732434432/jxgiulfh_normal.jpg</userImage>      	</usuario>
      	<usuario>      <id_usuario>3893249543</id_usuario>      <influencia_usuario>0.33141442234999546</influencia_usuario>      <userScreenName>Andrea_Moncada4</userScreenName>      <userImage>http://pbs.twimg.com/profile_images/694007197697703936/R3eMQVBI_normal.jpg</userImage>      	</usuario>
      	<usuario>      <id_usuario>1031589355</id_usuario>      <influencia_usuario>0.9539978054005994</influencia_usuario>      <userScreenName>HappyStyles1D</userScreenName>      <userImage>http://pbs.twimg.com/profile_images/685675487578882048/LULRwm8E_normal.jpg</userImage>      	</usuario>
      	<usuario>      <id_usuario>471623367</id_usuario>      <influencia_usuario>0.7263075060721789</influencia_usuario>      <userScreenName>cielonallely</userScreenName>      <userImage>http://pbs.twimg.com/profile_images/687692756869758976/K9ZXJkC9_normal.jpg</userImage>      	</usuario>
      	<usuario>      <id_usuario>3006890920</id_usuario>      <influencia_usuario>0.20486612153278821</influencia_usuario>      <userScreenName>tommo_alejandra</userScreenName>      <userImage>http://pbs.twimg.com/profile_images/675712518724030464/paVgYEDG_normal.jpg</userImage>      	</usuario>
      	<usuario>      <id_usuario>2652988226</id_usuario>      <influencia_usuario>1.131620523046246</influencia_usuario>      <userScreenName>bereskydem</userScreenName>      <userImage>http://pbs.twimg.com/profile_images/673735507436695552/12rouW1d_normal.jpg</userImage>      	</usuario>
      	<usuario>      <id_usuario>2727044420</id_usuario>      <influencia_usuario>0.9357544918408999</influencia_usuario>      <userScreenName>elidniall</userScreenName>      <userImage>http://pbs.twimg.com/profile_images/698214415506624513/F6tuYlJg_normal.jpg</userImage>      	</usuario>
      	<usuario>      <id_usuario>2808189302</id_usuario>      <influencia_usuario>1.1876210858569827</influencia_usuario>      <userScreenName>1DIsFarFromOver</userScreenName>      <userImage>http://pbs.twimg.com/profile_images/697207210401607681/_7lVNvOO_normal.jpg</userImage>      	</usuario>
      	<usuario>      <id_usuario>2415502973</id_usuario>      <influencia_usuario>1.1622769879769392</influencia_usuario>      <userScreenName>niallxperfectxx</userScreenName>      <userImage>http://pbs.twimg.com/profile_images/689939688371675141/Zk6TNsnS_normal.jpg</userImage>      	</usuario>
      </usuarios>
      <keywords>
         <keyword>             <word>Zealand</word>             <importancia>1</importancia></keyword>
         <keyword>             <word>New</word>             <importancia>1</importancia></keyword>
         <keyword>             <word>copias</word>             <importancia>0.6538461538461539</importancia></keyword>
         <keyword>             <word>vender</word>             <importancia>0.6538461538461539</importancia></keyword>
         <keyword>             <word>Oro</word>             <importancia>0.6538461538461539</importancia></keyword>
         <keyword>             <word>certificado</word>             <importancia>0.6538461538461539</importancia></keyword>
         <keyword>             <word>1D</word>             <importancia>0.6282051282051282</importancia></keyword>
         <keyword>             <word>History</word>             <importancia>0.6538461538461539</importancia></keyword>
         <keyword>             <word>single</word>             <importancia>0.6282051282051282</importancia></keyword>
      </keywords>
      <hashtags>
         <hashtag>             <word>KCA</word>             <importancia>0</importancia></hashtag>
         <hashtag>             <word>Vote1DirectionUK</word>             <importancia>0</importancia></hashtag>
      </hashtags>
  </tweet>
	<tweet>      <id_original>698328214842839040</id_original>
		<tipo>difusion</tipo>
      <importancia_tweet>1.0</importancia_tweet>
      <text>Air New Zealand: la vuelta al mundo por menos de 1.500 euros | Buena Vibra https://t.co/RPbZG70Cez by @Buenavibraes Muy interesante ...</text>
      <usuarios>
      	<usuario>      <id_usuario>3137404471</id_usuario>      <influencia_usuario>1.1855542883097407</influencia_usuario>      <userScreenName>buenavibraes</userScreenName>      <userImage>http://pbs.twimg.com/profile_images/646449861429170176/NlGqGVM5_normal.jpg</userImage>      	</usuario>
      </usuarios>
      <keywords>
         <keyword>             <word>interesante</word>             <importancia>0.01282051282051282</importancia></keyword>
         <keyword>             <word>by</word>             <importancia>0.01282051282051282</importancia></keyword>
         <keyword>             <word>Vibra</word>             <importancia>0.01282051282051282</importancia></keyword>
         <keyword>             <word>Buena</word>             <importancia>0.01282051282051282</importancia></keyword>
         <keyword>             <word>euros</word>             <importancia>0.06097560975609756</importancia></keyword>
         <keyword>             <word>mundo</word>             <importancia>0.07058823529411765</importancia></keyword>
         <keyword>             <word>vuelta</word>             <importancia>0.07058823529411765</importancia></keyword>
         <keyword>             <word>Zealand</word>             <importancia>1</importancia></keyword>
         <keyword>             <word>New</word>             <importancia>1</importancia></keyword>
         <keyword>             <word>Air</word>             <importancia>0.07692307692307693</importancia></keyword>
      </keywords>
      <hashtags>
      </hashtags>
  </tweet>
	<tweet>      <id_original>698304863269228544</id_original>
		<tipo>difusion</tipo>
      <importancia_tweet>0</importancia_tweet>
      <text>#NewZealand - Guide To #Rotorua #Travel #Tourism #Social https://t.co/ukwLJq1Mqr via @Charlesfrize</text>
      <usuarios>
      	<usuario>      <id_usuario>3917981907</id_usuario>      <influencia_usuario>1.3830519615791725</influencia_usuario>      <userScreenName>myfoodfantasy69</userScreenName>      <userImage>http://pbs.twimg.com/profile_images/652895878215131137/iV1MmzXi_normal.jpg</userImage>      	</usuario>
      </usuarios>
      <keywords>
         <keyword>             <word>To</word>             <importancia>0</importancia></keyword>
         <keyword>             <word>Guide</word>             <importancia>0</importancia></keyword>
      </keywords>
      <hashtags>
         <hashtag>             <word>Social</word>             <importancia>0</importancia></hashtag>
         <hashtag>             <word>Tourism</word>             <importancia>0</importancia></hashtag>
         <hashtag>             <word>Travel</word>             <importancia>0</importancia></hashtag>
         <hashtag>             <word>Rotorua</word>             <importancia>0</importancia></hashtag>
         <hashtag>             <word>NewZealand</word>             <importancia>0</importancia></hashtag>
      </hashtags>
  </tweet>
	<tweet>      <id_original>698236467101966336</id_original>
		<tipo>difusion</tipo>
      <importancia_tweet>1.0</importancia_tweet>
      <text>Air New Zealand propone 1 billete único para dar la vuelta al mundo por menos de 1.500 euros https://t.co/qgI44nRbTM https://t.co/YO25Qsd9gT</text>
      <usuarios>
      	<usuario>      <id_usuario>194231683</id_usuario>      <influencia_usuario>1.8545068584664754</influencia_usuario>      <userScreenName>CreciMorales</userScreenName>      <userImage>http://pbs.twimg.com/profile_images/378800000705973074/c1af95f0e2ff8328343cf01bc58ad885_normal.jpeg</userImage>      	</usuario>
      </usuarios>
      <keywords>
         <keyword>             <word>euros</word>             <importancia>0.06097560975609756</importancia></keyword>
         <keyword>             <word>mundo</word>             <importancia>0.07058823529411765</importancia></keyword>
         <keyword>             <word>vuelta</word>             <importancia>0.07058823529411765</importancia></keyword>
         <keyword>             <word>dar</word>             <importancia>0.04938271604938271</importancia></keyword>
         <keyword>             <word>unico</word>             <importancia>0.05063291139240506</importancia></keyword>
         <keyword>             <word>billete</word>             <importancia>0.05063291139240506</importancia></keyword>
         <keyword>             <word>propone</word>             <importancia>0.05128205128205128</importancia></keyword>
         <keyword>             <word>Zealand</word>             <importancia>1</importancia></keyword>
         <keyword>             <word>New</word>             <importancia>1</importancia></keyword>
         <keyword>             <word>Air</word>             <importancia>0.07692307692307693</importancia></keyword>
      </keywords>
      <hashtags>
      </hashtags>
  </tweet>
	<tweet>      <id_original>698006590910242816</id_original>
		<tipo>difusion</tipo>
      <importancia_tweet>0</importancia_tweet>
      <text>#NewZealand - Guide To #Rotorua #Travel #Tourism #Social https://t.co/ukwLJq1Mqr via @Charlesfrize</text>
      <usuarios>
      	<usuario>      <id_usuario>33259053</id_usuario>      <influencia_usuario>1.3790750802601388</influencia_usuario>      <userScreenName>Mfrize</userScreenName>      <userImage>http://pbs.twimg.com/profile_images/573909949266309120/GzHycAw3_normal.jpeg</userImage>      	</usuario>
      </usuarios>
      <keywords>
         <keyword>             <word>To</word>             <importancia>0</importancia></keyword>
         <keyword>             <word>Guide</word>             <importancia>0</importancia></keyword>
      </keywords>
      <hashtags>
         <hashtag>             <word>Social</word>             <importancia>0</importancia></hashtag>
         <hashtag>             <word>Tourism</word>             <importancia>0</importancia></hashtag>
         <hashtag>             <word>Travel</word>             <importancia>0</importancia></hashtag>
         <hashtag>             <word>Rotorua</word>             <importancia>0</importancia></hashtag>
         <hashtag>             <word>NewZealand</word>             <importancia>0</importancia></hashtag>
      </hashtags>
  </tweet>
	<tweet>      <id_original>697571115070308352</id_original>
		<tipo>conversacion</tipo>
      <importancia_tweet>1.0</importancia_tweet>
      <text>@pacificofilms  grabará con la New Zealand Symphony Orchestra (Lord Of The Rings y The Hobbit) Será la primer película del continente honor</text>
      <usuarios>
      	<usuario>      <id_usuario>3376244577</id_usuario>      <influencia_usuario>1.141352811963574</influencia_usuario>      <userScreenName>beliucker</userScreenName>      <userImage>http://pbs.twimg.com/profile_images/686272276640038912/NPc9bv3W_normal.png</userImage>      	</usuario>
      	<usuario>      <id_usuario>382601340</id_usuario>      <influencia_usuario>1.153043004569803</influencia_usuario>      <userScreenName>pablo_borghi</userScreenName>      <userImage>http://pbs.twimg.com/profile_images/679890807093116929/WTPuc0Hl_normal.jpg</userImage>      	</usuario>
      </usuarios>
      <keywords>
         <keyword>             <word>honor</word>             <importancia>0.02564102564102564</importancia></keyword>
         <keyword>             <word>continente</word>             <importancia>0.02564102564102564</importancia></keyword>
         <keyword>             <word>pelicula</word>             <importancia>0.02564102564102564</importancia></keyword>
         <keyword>             <word>primer</word>             <importancia>0.02564102564102564</importancia></keyword>
         <keyword>             <word>Hobbit</word>             <importancia>0.02564102564102564</importancia></keyword>
         <keyword>             <word>Rings</word>             <importancia>0.02564102564102564</importancia></keyword>
         <keyword>             <word>The</word>             <importancia>0.02564102564102564</importancia></keyword>
         <keyword>             <word>Of</word>             <importancia>0.07692307692307693</importancia></keyword>
         <keyword>             <word>Lord</word>             <importancia>0.02564102564102564</importancia></keyword>
         <keyword>             <word>Orchestra</word>             <importancia>0.02564102564102564</importancia></keyword>
         <keyword>             <word>Symphony</word>             <importancia>0.02564102564102564</importancia></keyword>
         <keyword>             <word>Zealand</word>             <importancia>1</importancia></keyword>
         <keyword>             <word>New</word>             <importancia>1</importancia></keyword>
         <keyword>             <word>grabara</word>             <importancia>0.02564102564102564</importancia></keyword>
      </keywords>
      <hashtags>
      </hashtags>
  </tweet>
</tweets>
